SNP,SNP chromosome,SNP base pair,Effect allele,Other allele,beta,SE,p Value,samplesize,R2,F-statistic
rs6809081,3,194060475,C,T,0.2353,0.0253,1.20226e-20,3301,0.0255342935944963,86.4449451781832
rs116345643,3,194059934,T,C,0.3184,0.0523,1.14815e-09,3301,0.0111032006284689,37.0407295246561
rs4974538,3,194061906,C,T,0.2023,0.0316,1.58489e-10,3301,0.0122634649456245,40.9594759531581
rs3775298,4,187150478,G,A,-0.2677,0.0244,5.24807e-28,3301,0.0351817216224097,120.296746271744
rs4253260,4,187162077,G,C,0.2295,0.0341,1.77828e-11,3301,0.0135360612606895,45.2682194912099
rs4253416,4,187197994,T,C,-0.1643,0.025,5.12861e-11,3301,0.0129152855275274,43.1650154547107
rs1801020,5,176836532,G,A,-0.1905,0.0283,1.62181e-11,3301,0.0135409958792448,45.2849487094956
rs4919420,10,101806252,G,A,-0.1588,0.025,2.23872e-10,3301,0.0120753376060298,40.3234581326871
rs7895840,10,101788009,A,C,-0.422,0.0652,1e-10,3301,0.0125316247531703,41.8664851422455
rs72840032,10,101889964,T,C,-0.4486,0.0597,5.7544e-14,3301,0.0168173878899047,56.4295604554315
rs117498276,10,102043953,A,C,-0.4121,0.0725,1.34896e-08,3301,0.00969289673086184,32.2898484819035
rs17792426,17,26462889,G,A,0.1686,0.0266,2.29087e-10,3301,0.0120241031282204,40.150287416523
rs35714695,17,26719788,A,G,-0.184,0.0318,6.91831e-09,3301,0.0100404535139043,33.4594037301255
rs11657236,17,26742123,T,G,0.3059,0.0305,1e-23,3301,0.0295717602859671,100.530088873087
rs9902833,17,26398130,G,A,0.2062,0.0254,4.46684e-16,3301,0.0195739823319453,65.8637842625579
rs1858837,17,26676931,C,T,0.2528,0.0288,1.51356e-18,3301,0.0228088384705908,77.0027002666607
rs4239214,17,26327892,A,G,0.2402,0.0413,6.0256e-09,3301,0.0101431482269897,33.8051365113068
rs62065291,17,26757669,T,C,-0.1896,0.031,9.12011e-10,3301,0.011205054972164,37.384370277225
rs78419586,17,26538360,A,G,0.2608,0.0455,1e-08,3301,0.00985475344861292,32.8344066087346
rs8076992,17,26643541,G,T,-0.2814,0.0473,2.81838e-09,3301,0.0106083688814101,35.3722508246858
rs11653044,17,26744679,A,G,-0.173,0.0245,1.7378e-12,3301,0.014880024242373,49.8306817277109
rs704,17,26694861,A,G,0.3917,0.0237,3.46737e-61,3301,0.0764252678358155,272.990316657488
rs187919677,17,26624576,C,T,-0.28,0.0328,1.25893e-17,3301,0.0215992965505835,72.8291374578504
rs241787,17,26564683,T,A,-0.1798,0.0297,1.41254e-09,3301,0.0109805922721297,36.6271618359619
rs9748072,17,26551343,T,C,-0.2134,0.0291,2.29087e-13,3301,0.0160302056768125,53.7451950587364
rs12937461,17,26569552,A,G,0.2005,0.0281,9.33254e-13,3301,0.0151888036271665,50.8806798202285
rs9894481,17,26610220,T,C,-0.1699,0.0288,3.80189e-09,3301,0.0104328158749771,34.7807204237294
rs241771,17,26592946,C,T,-0.3097,0.0244,7.4131e-37,3301,0.0465331887539449,161.005068963694
rs8082039,17,26230309,A,G,-0.2779,0.0496,2.13796e-08,3301,0.00942014758217103,31.3726014088906
rs16964261,17,26743793,C,T,-0.3115,0.0538,7.24436e-09,3301,0.0100535107381485,33.5033582975604
rs117288663,17,26749941,A,G,0.1982,0.0344,8.51138e-09,3301,0.00995632907982062,33.1762432295538
rs113456008,17,26612617,C,T,0.2873,0.0511,1.86209e-08,3301,0.00948516546867666,31.5912087232599
